RollNo;Name;Branch;Semester;Status;Session;CGPA
0403AL231001;AAKASH PIPALDE;AL;4;Regular;Jun-25;6.71
0403AL231002;AAYUSH PATEL;AL;4;Regular;Jun-25;6.38
0403AL231004;ABIR SAXENA;AL;4;Regular;Jun-25;5.5
0403AL231005;AMEY BHOKARIKAR;AL;4;Regular;Jun-25;6.82
0403AL231008;ANTIM JAMLE;AL;4;Regular;Jun-25;5.29
0403AL231009;ARUN KHODE;AL;4;Regular;Jun-25;5.52
0403AL231010;ARYAN RATHOD;AL;4;Regular;Jun-25;7.24
0403AL231012;BHUMI GUPTA;AL;4;Regular;Jun-25;7.09
0403AL231013;BHUPENDRA VERMA;AL;4;Regular;Jun-25;6.17
0403AL231014;CHINMAY JOSHI;AL;4;Regular;Jun-25;7.24
0403AL231015;DARSHAN KUSHWAH;AL;4;Regular;Jun-25;5.89
0403AL231016;DEVASHISH GUPTA;AL;4;Regular;Jun-25;7.33
0403AL231017;DIVY CHATURVEDI;AL;4;Regular;Jun-25;7.09
0403AL231018;DIVYANI PAGARE;AL;4;Regular;Jun-25;7.12
0403AL231019;DIVYANSHI PRAJAPAT;AL;4;Regular;Jun-25;7.05
